['ForceDecks Test Results Export', '', '', '', '', '', '', '', '', '', '', '', '', '', '', '', '', '', '', '', '', '', '', '', '', '', '', '', '', '', '', '', '', '', '', '', '', '', '', '', '', '', '', '', '', '', '', '', '', '', '', '', '', '', '', '', '', '', '', '', '', '', '', '', '', '', '', '', '', '', '', '', '', '', '', '', '']
['Export Date', '4/20/2021 17:11', '', '', '', '', '', '', '', '', '', '', '', '', '', '', '', '', '', '', '', '', '', '', '', '', '', '', '', '', '', '', '', '', '', '', '', '', '', '', '', '', '', '', '', '', '', '', '', '', '', '', '', '', '', '', '', '', '', '', '', '', '', '', '', '', '', '', '', '', '', '', '', '', '', '', '']
['Export Profile', 'Squat Jump All Variables', '', '', '', '', '', '', '', '', '', '', '', '', '', '', '', '', '', '', '', '', '', '', '', '', '', '', '', '', '', '', '', '', '', '', '', '', '', '', '', '', '', '', '', '', '', '', '', '', '', '', '', '', '', '', '', '', '', '', '', '', '', '', '', '', '', '', '', '', '', '', '', '', '', '', '']
['Export Test Type', 'Squat Jump', '', '', '', '', '', '', '', '', '', '', '', '', '', '', '', '', '', '', '', '', '', '', '', '', '', '', '', '', '', '', '', '', '', '', '', '', '', '', '', '', '', '', '', '', '', '', '', '', '', '', '', '', '', '', '', '', '', '', '', '', '', '', '', '', '', '', '', '', '', '', '', '', '', '', '']
['Export Trials', 'Results from all trials within a test, one row/column per trial', '', '', '', '', '', '', '', '', '', '', '', '', '', '', '', '', '', '', '', '', '', '', '', '', '', '', '', '', '', '', '', '', '', '', '', '', '', '', '', '', '', '', '', '', '', '', '', '', '', '', '', '', '', '', '', '', '', '', '', '', '', '', '', '', '', '', '', '', '', '', '', '', '', '', '']
['Key Result', 'N/A', '', '', '', '', '', '', '', '', '', '', '', '', '', '', '', '', '', '', '', '', '', '', '', '', '', '', '', '', '', '', '', '', '', '', '', '', '', '', '', '', '', '', '', '', '', '', '', '', '', '', '', '', '', '', '', '', '', '', '', '', '', '', '', '', '', '', '', '', '', '', '', '', '', '', '']
['', '', '', '', '', '', '', '', '', '', '', '', '', '', '', '', '', '', '', '', '', '', '', '', '', '', '', '', '', '', '', '', '', '', '', '', '', '', '', '', '', '', '', '', '', '', '', '', '', '', '', '', '', '', '', '', '', '', '', '', '', '', '', '', '', '', '', '', '', '', '', '', '', '', '', '', '']
['Athlete', 'Test Type', 'Test Date', 'Body Weight [kg]', 'Trial', 'Athlete Standing Weight Asymmetry [% L,R]', 'Athlete Standing Weight [kg]', 'Auto Weight End [s]', 'Auto Weight Start [s]', 'Concentric Impulse Asymmetry [% L,R]', 'Concentric Impulse-100ms Asymmetry [% L,R]', 'Concentric Impulse-100ms:Concentric Impulse (Asymmetry) [% L,R]', 'Concentric Impulse-50ms Asymmetry [% L,R]', 'Concentric Maximum RFD Asymmetry [% L,R]', 'Concentric Mean Force Asymmetry [% L,R]', 'Concentric RFD - 100ms (Asymmetry) [% L,R]', 'Concentric RFD - 200ms (Asymmetry) [% L,R]', 'Concentric RFD - 50ms (Asymmetry) [% L,R]', 'Concentric RFD Asymmetry [% L,R]', 'Concentric Time to Peak Force Asymmetry [% L,R]', 'Force at Peak Power Asymmetry [% L,R]', 'P1 Concentric Impulse Asymmetry [% L,R]', 'P2 Concentric Impulse Asymmetry [% L,R]', 'P2 Concentric Impulse:P1 Concentric Impulse (Asymmetry) [% L,R]', 'Positive Impulse Asymmetry [% L,R]', 'Positive Takeoff Impulse Asymmetry [% L,R]', 'Start of Movement Asymmetry [% L,R]', 'Takeoff Peak Force Asymmetry [% L,R]', 'Landing Impulse (Asymmetry) [% L,R]', 'Landing RFD Asymmetry [% L,R]', 'Peak Landing Force Asymmetry [% L,R]', 'Athlete Standing Weight (Left) [kg]', 'Athlete Standing Weight (Right) [kg]', 'Concentric Impulse (Left) [Ns]', 'Concentric Impulse (Right) [Ns]', 'Concentric Impulse-100ms (Left) [Ns]', 'Concentric Impulse-100ms (Right) [Ns]', 'Concentric Impulse-100ms:Concentric Impulse (Left)', 'Concentric Impulse-100ms:Concentric Impulse (Right)', 'Concentric Impulse-50ms (Left) [Ns]', 'Concentric Impulse-50ms (Right) [Ns]', 'Concentric Maximum RFD (Left) [N/s]', 'Concentric Maximum RFD (Right) [N/s]', 'Concentric Mean Force (Left) [N]', 'Concentric Mean Force (Right) [N]', 'Concentric RFD - 100ms (Left) [N/s]', 'Concentric RFD - 100ms (Right) [N/s]', 'Concentric RFD - 200ms (Left) [N/s]', 'Concentric RFD - 200ms (Right) [N/s]', 'Concentric RFD - 50ms (Left) [N/s]', 'Concentric RFD - 50ms (Right) [N/s]', 'Concentric RFD (Left) [N/s]', 'Concentric RFD (Right) [N/s]', 'Concentric Time to Peak Force (Left) [ms]', 'Concentric Time to Peak Force (Right) [ms]', 'Force at Peak Power (Left) [N]', 'Force at Peak Power (Right) [N]', 'P1 Concentric Impulse (Left) [Ns]', 'P1 Concentric Impulse (Right) [Ns]', 'P2 Concentric Impulse (Left) [Ns]', 'P2 Concentric Impulse (Right) [Ns]', 'P2 Concentric Impulse:P1 Concentric Impulse (Left)', 'P2 Concentric Impulse:P1 Concentric Impulse (Right)', 'Positive Impulse (Left) [Ns]', 'Positive Impulse (Right) [Ns]', 'Positive Takeoff Impulse (Left) [Ns]', 'Positive Takeoff Impulse (Right) [Ns]', 'Start of Movement (Left) [s]', 'Start of Movement (Right) [s]', 'Takeoff Peak Force (Left) [N]', 'Takeoff Peak Force (Right) [N]', 'Landing Impulse (Left) [Ns]', 'Landing Impulse (Right) [Ns]', 'Landing RFD (Left) [N/s]', 'Landing RFD (Right) [N/s]', 'Peak Landing Force (Left) [N]', 'Peak Landing Force (Right) [N]']
['Athlete 0', 'Squat Jump', '12/18/2019 15:30', '87.3', 'Trial 1', '', '', '', '', '4.7', '-13.4', '-17.5', '-11.1', '38.8', '4.6', '-38.8', '9.9', '-86.6', '25.5', '', '18.1', '-9.1', '14.2', '22.0', '15.0', '3.7', '', '12.0', '7.2', '54.5', '41.9', '', '', '287.7', '301.7', '50.5', '43.7', '0.18', '0.14', '24.0', '21.3', '2046', '3344', '643', '674', '1053', '644', '1267', '1406', '1016', '136', '1368', '1835', '', '', '810', '988', '131.5', '119.5', '156.2', '182.2', '1.19', '1.52', '606.5', '713.4', '283.0', '293.8', '', '', '902', '1025', '49.2', '53.0', '18152', '39936', '1670', '2875']
['Athlete 0', 'Squat Jump', '12/18/2019 15:30', '87.3', 'Trial 2', '', '', '', '', '6.2', '-9.0', '-14.7', '-8.6', '3.5', '6.2', '-100.0', '29.8', '-27.9', '21.0', '', '14.1', '-2.0', '11.0', '12.9', '15.6', '7.3', '', '8.1', '25.5', '45.5', '37.7', '', '', '327.7', '349.5', '38.8', '35.3', '0.12', '0.10', '19.9', '18.2', '3012', '3122', '602', '642', '-582', '-267', '539', '768', '-1586', '-1240', '1144', '1449', '', '', '811', '944', '130.7', '128.0', '197.0', '221.5', '1.51', '1.73', '623.1', '738.7', '269.0', '290.3', '', '', '915', '996', '51.1', '68.7', '13966', '25649', '1327', '2129']
['Athlete 0', 'Squat Jump', '12/18/2019 15:30', '87.3', 'Trial 3', '', '', '', '', '4.1', '-13.7', '-17.2', '-16.1', '24.9', '4.0', '-100.0', '-100.0', '91.9', '29.6', '', '7.2', '-2.0', '7.8', '9.7', '22.8', '9.1', '', '9.1', '29.2', '46.3', '45.8', '', '', '365.5', '380.9', '46.6', '40.2', '0.13', '0.11', '24.4', '20.4', '2614', '3482', '538', '560', '-787', '-266', '-552', '-208', '24', '298', '713', '1013', '', '', '822', '886', '147.2', '144.2', '218.3', '236.7', '1.48', '1.64', '412.6', '534.8', '254.8', '280.2', '', '', '871', '958', '57.9', '81.7', '10236', '19074', '1013', '1869']
['Athlete 0', 'Squat Jump', '12/18/2019 15:30', '87.3', 'Trial 4', '', '', '', '', '0.1', '-19.1', '-19.2', '-19.7', '4.7', '0.1', '-41.8', '21.9', '-21.4', '26.1', '', '10.7', '-9.8', '6.2', '15.4', '-2.8', '3.7', '', '6.9', '-68.4', '81.8', '47.0', '', '', '323.4', '323.9', '39.6', '32.0', '0.12', '0.10', '21.4', '17.2', '4510', '4732', '637', '638', '-1177', '-830', '1081', '1384', '-1474', '-1214', '1232', '1668', '', '', '842', '944', '127.6', '115.1', '195.8', '208.8', '1.53', '1.81', '644.8', '626.6', '259.8', '269.9', '', '', '941', '1010', '159.0', '50.2', '4433', '24334', '993', '1874']
['Athlete 1', 'Squat Jump', '12/12/2019 17:06', '89.5', 'Trial 1', '', '', '', '', '-1.1', '6.1', '7.2', '7.3', '-0.9', '-1.1', '45.2', '100.0', '62.5', '-7.9', '', '-1.0', '-1.1', '-1.2', '-0.1', '4.7', '-1.8', '', '-1.6', '21.9', '27.1', '21.4', '', '', '358.1', '354.0', '39.0', '41.5', '0.11', '0.12', '20.2', '21.8', '5328', '5278', '657', '650', '-589', '-855', '-69', '-313', '-336', '-546', '1686', '1554', '', '', '1028', '1017', '114.6', '113.4', '243.4', '240.5', '2.12', '2.12', '607.7', '637.9', '275.1', '270.0', '', '', '1130', '1112', '42.6', '54.6', '26268', '36053', '1812', '2307']
['Athlete 1', 'Squat Jump', '12/12/2019 17:06', '89.5', 'Trial 2', '', '', '', '', '0.2', '2.1', '1.9', '1.7', '-6.2', '0.2', '0.8', '-7.9', '-17.8', '-7.3', '', '-1.6', '2.3', '-1.5', '-3.8', '0.0', '0.1', '', '-2.9', '27.9', '13.1', '3.5', '', '', '247.8', '248.2', '61.9', '63.2', '0.25', '0.25', '25.9', '26.3', '5154', '4832', '813', '815', '3705', '3735', '3733', '3438', '4040', '3320', '3689', '3419', '', '', '1010', '993', '110.3', '112.9', '137.4', '135.3', '1.25', '1.20', '621.6', '621.8', '243.8', '244.0', '', '', '1185', '1150', '42.8', '59.4', '19070', '21954', '1526', '1581']
['Athlete 2', 'Squat Jump', '12/12/2019 17:05', '91.4', 'Trial 1', '', '', '', '', '-1.8', '5.0', '6.7', '4.1', '3.2', '-1.8', '-100.0', '2.1', '100.0', '-17.0', '', '-6.9', '3.4', '-5.4', '-8.6', '-0.8', '-3.3', '', '-8.5', '12.1', '-6.9', '-2.7', '', '', '368.0', '361.4', '42.0', '44.3', '0.11', '0.12', '21.2', '22.1', '3790', '3914', '682', '670', '-174', '-50', '1424', '1455', '-286', '38', '1204', '999', '', '', '922', '859', '150.0', '155.3', '218.0', '206.2', '1.45', '1.33', '409.9', '406.6', '316.1', '305.7', '', '', '981', '898', '55.9', '63.6', '56879', '52980', '3811', '3709']
['Athlete 2', 'Squat Jump', '12/12/2019 17:05', '91.4', 'Trial 2', '', '', '', '', '-4.6', '-8.5', '-4.1', '-9.0', '11.0', '-4.6', '2.2', '13.1', '-10.1', '-3.6', '', '-6.4', '-4.3', '-4.8', '-0.4', '-17.1', '-4.5', '', '-6.0', '0.4', '-26.8', '-12.6', '', '', '330.1', '315.0', '58.0', '53.1', '0.18', '0.17', '25.6', '23.3', '3384', '3804', '736', '702', '2539', '2595', '1477', '1701', '1696', '1524', '1251', '1205', '', '', '906', '847', '155.3', '148.6', '174.8', '166.4', '1.13', '1.12', '801.2', '664.0', '325.7', '311.1', '', '', '936', '880', '55.6', '55.8', '37956', '27799', '2353', '2057']
['Athlete 3', 'Squat Jump', '12/12/2019 16:47', '83.8', 'Trial 1', '', '', '', '', '4.5', '8.0', '3.6', '8.2', '10.4', '4.6', '-4.4', '6.5', '19.9', '-13.3', '', '-1.0', '8.1', '2.0', '-6.2', '9.0', '4.3', '', '-4.3', '6.0', '6.9', '-2.4', '', '', '293.4', '307.4', '42.1', '45.7', '0.14', '0.15', '20.7', '22.5', '3096', '3456', '635', '666', '428', '409', '1326', '1418', '298', '372', '1577', '1367', '', '', '943', '934', '118.1', '128.5', '175.3', '178.8', '1.48', '1.39', '525.0', '576.9', '290.3', '303.3', '', '', '1003', '960', '39.6', '42.1', '75609', '81188', '4158', '4059']
['Athlete 3', 'Squat Jump', '12/12/2019 16:47', '83.8', 'Trial 2', '', '', '', '', '4.6', '8.2', '3.7', '7.4', '9.4', '4.6', '12.3', '6.4', '27.0', '-2.5', '', '0.8', '6.5', '2.9', '-3.7', '-4.2', '4.3', '', '0.3', '26.0', '-35.4', '-23.3', '', '', '260.2', '272.8', '54.0', '58.8', '0.21', '0.22', '22.9', '24.8', '3692', '4076', '675', '707', '2738', '3122', '1511', '1614', '2478', '3394', '1810', '1764', '', '', '933', '940', '120.0', '128.4', '140.2', '144.4', '1.17', '1.12', '547.6', '524.7', '257.3', '268.9', '', '', '969', '972', '33.6', '45.4', '85398', '55154', '4099', '3144']
['Athlete 4', 'Squat Jump', '12/12/2019 16:45', '90', 'Trial 1', '', '', '', '', '-7.8', '-7.5', '0.4', '-6.7', '-18.1', '-7.9', '-20.1', '-11.8', '-92.1', '-2.3', '', '-1.8', '-9.7', '-6.5', '3.4', '8.4', '-7.0', '', '-3.3', '18.4', '-10.8', '-4.3', '', '', '298.5', '275.1', '50.0', '46.3', '0.17', '0.17', '24.0', '22.4', '6308', '5166', '801', '738', '1574', '1258', '2763', '2437', '632', '50', '2287', '2235', '', '', '1045', '1026', '123.7', '111.7', '174.8', '163.4', '1.41', '1.46', '573.1', '625.9', '293.9', '273.2', '', '', '1117', '1081', '39.6', '48.5', '40589', '36220', '2232', '2137']
['Athlete 4', 'Squat Jump', '12/12/2019 16:45', '90', 'Trial 2', '', '', '', '', '-10.4', '-19.3', '-10.0', '-19.4', '-5.1', '-10.4', '-18.4', '4.9', '-36.1', '9.4', '', '-1.0', '-15.6', '-5.9', '10.2', '-6.0', '-9.1', '', '-1.2', '-47.0', '-18.5', '-22.6', '', '', '284.3', '254.8', '66.6', '53.7', '0.23', '0.21', '28.0', '22.5', '4844', '4596', '852', '763', '3996', '3259', '3020', '3175', '3160', '2020', '2590', '2858', '', '', '1039', '1029', '131.2', '110.8', '153.1', '144.0', '1.17', '1.30', '648.2', '609.1', '279.0', '253.6', '', '', '1106', '1093', '67.9', '36.0', '21327', '17384', '1685', '1304']
['Athlete 5', 'Squat Jump', '12/12/2019 16:43', '83.1', 'Trial 1', '', '', '', '', '-0.2', '-6.9', '-6.8', '-5.1', '5.3', '-0.2', '-9.8', '3.6', '-38.2', '2.9', '', '2.3', '-4.8', '3.6', '8.2', '-3.3', '-0.8', '', '0.8', '-4.2', '11.2', '9.2', '', '', '235.3', '234.9', '54.7', '50.9', '0.23', '0.22', '22.9', '21.7', '4434', '4684', '725', '723', '3202', '2887', '2781', '2884', '2006', '1240', '2613', '2690', '', '', '969', '992', '106.4', '101.2', '128.9', '133.7', '1.21', '1.32', '459.2', '444.0', '232.2', '230.4', '', '', '1034', '1042', '37.9', '36.3', '110418', '124395', '4858', '5349']
['Athlete 5', 'Squat Jump', '12/12/2019 16:43', '83.1', 'Trial 2', '', '', '', '', '1.8', '-3.2', '-4.9', '-3.6', '4.6', '1.8', '-2.8', '5.7', '-10.0', '1.3', '', '0.6', '-0.8', '3.8', '4.6', '-3.0', '1.0', '', '0.5', '-0.9', '-16.0', '-11.4', '', '', '241.8', '246.1', '56.8', '55.0', '0.23', '0.22', '23.7', '22.8', '4138', '4336', '731', '744', '3327', '3234', '2695', '2859', '2726', '2454', '2566', '2599', '', '', '957', '962', '110.1', '109.2', '131.7', '136.9', '1.20', '1.25', '462.4', '448.7', '238.9', '241.3', '', '', '1037', '1042', '49.3', '48.9', '83043', '69716', '4484', '3974']
['Athlete 6', 'Squat Jump', '12/12/2019 16:13', '93.8', 'Trial 1', '', '', '', '', '2.4', '-3.9', '-6.1', '1.9', '-10.9', '2.4', '-43.5', '-5.9', '-52.1', '5.5', '', '7.6', '-5.0', '7.8', '12.4', '15.5', '1.5', '', '5.4', '54.6', '43.3', '25.7', '', '', '313.8', '321.4', '54.9', '52.8', '0.18', '0.16', '24.4', '24.9', '3618', '3222', '758', '777', '2497', '1412', '2084', '1960', '1450', '694', '1932', '2045', '', '', '976', '1057', '141.1', '134.1', '172.6', '187.3', '1.22', '1.40', '578.4', '684.2', '310.3', '315.0', '', '', '1060', '1120', '25.8', '56.9', '55090', '97187', '3250', '4373']
['Athlete 6', 'Squat Jump', '12/12/2019 16:13', '93.8', 'Trial 2', '', '', '', '', '2.5', '-11.8', '-14.0', '-13.9', '9.6', '2.5', '3.0', '18.0', '-24.7', '19.8', '', '7.0', '-4.9', '8.1', '12.6', '-3.4', '2.1', '', '8.3', '18.7', '-18.5', '-20.3', '', '', '288.0', '295.3', '65.2', '57.5', '0.23', '0.19', '27.8', '23.9', '4300', '4756', '817', '837', '3370', '3475', '2568', '3132', '2912', '2194', '2333', '2907', '', '', '1034', '1112', '132.5', '126.1', '155.5', '169.2', '1.17', '1.34', '606.1', '585.5', '284.4', '290.4', '', '', '1100', '1199', '41.6', '51.2', '124636', '101620', '5609', '4471']
['Athlete 7', 'Squat Jump', '12/12/2019 16:13', '98', 'Trial 1', '', '', '', '', '-8.1', '1.7', '9.7', '2.3', '-19.8', '-8.1', '-12.1', '-26.2', '32.7', '-16.0', '', '-12.1', '-4.9', '-10.6', '-6.0', '14.0', '-7.5', '', '-8.2', '36.3', '24.4', '19.7', '', '', '346.3', '318.2', '54.2', '55.1', '0.16', '0.17', '24.5', '25.1', '4496', '3604', '810', '744', '2248', '1976', '2013', '1486', '358', '532', '2007', '1685', '', '', '1114', '979', '149.7', '142.5', '196.6', '175.8', '1.31', '1.23', '550.4', '640.0', '339.7', '314.2', '', '', '1155', '1060', '56.7', '89.0', '39870', '52723', '2751', '3427']
['Athlete 7', 'Squat Jump', '12/12/2019 16:13', '98', 'Trial 2', '', '', '', '', '-8.2', '-4.9', '3.5', '-1.3', '-20.0', '-8.2', '-21.4', '-10.0', '-26.2', '-8.9', '', '-9.8', '-7.3', '-8.9', '-1.7', '-8.5', '-7.3', '', '-5.1', '22.0', '-27.9', '-17.8', '', '', '336.1', '308.7', '61.2', '58.3', '0.18', '0.19', '25.6', '25.3', '5526', '4422', '841', '772', '3525', '2769', '2289', '2060', '1562', '1152', '2042', '1860', '', '', '1068', '963', '152.9', '141.7', '183.2', '166.9', '1.20', '1.18', '615.7', '563.1', '329.4', '305.3', '', '', '1106', '1050', '63.5', '81.4', '65902', '47491', '3756', '3087']
['Athlete 8', 'Squat Jump', '12/12/2019 15:34', '82.6', 'Trial 1', '', '', '', '', '-4.7', '-4.3', '0.4', '1.2', '-14.6', '-4.7', '-83.9', '-18.2', '49.4', '-11.1', '', '3.1', '-12.3', '0.5', '12.7', '12.9', '-6.4', '', '-6.3', '13.2', '27.5', '26.4', '', '', '294.9', '281.1', '38.9', '37.2', '0.13', '0.13', '18.6', '18.8', '7186', '6134', '736', '702', '923', '149', '3107', '2543', '-680', '-1016', '2351', '2091', '', '', '968', '998', '119.1', '104.5', '175.8', '176.6', '1.48', '1.69', '438.1', '503.3', '261.2', '244.4', '', '', '1095', '1025', '55.0', '63.4', '56288', '77634', '3715', '5046']
['Athlete 8', 'Squat Jump', '12/12/2019 15:34', '82.6', 'Trial 2', '', '', '', '', '2.4', '5.8', '3.6', '7.9', '-4.8', '2.4', '-100.0', '-10.7', '100.0', '-14.6', '', '1.9', '1.3', '3.0', '1.7', '9.6', '-0.1', '', '-6.1', '17.8', '39.2', '35.9', '', '', '295.3', '302.5', '36.7', '39.0', '0.12', '0.13', '18.4', '20.0', '6704', '6380', '684', '701', '62', '-316', '2521', '2252', '-286', '-694', '2263', '1932', '', '', '969', '987', '109.5', '110.9', '185.8', '191.6', '1.70', '1.73', '459.8', '508.6', '252.5', '252.3', '', '', '1102', '1035', '66.2', '80.4', '35763', '58841', '2790', '4354']
['Athlete 8', 'Squat Jump', '12/12/2019 15:34', '82.6', 'Trial 3', '', '', '', '', '-1.9', '6.7', '8.5', '4.9', '-17.8', '-1.9', '-100.0', '-12.1', '-69.4', '-14.1', '', '-3.5', '0.5', '-3.1', '-3.6', '0.3', '-4.3', '', '-8.6', '27.1', '-16.5', '-4.0', '', '', '296.2', '290.6', '35.6', '38.2', '0.12', '0.13', '18.6', '19.6', '7162', '5884', '706', '692', '-323', '-105', '2567', '2258', '-732', '-432', '2405', '2067', '', '', '1026', '990', '104.1', '104.6', '192.1', '186.0', '1.85', '1.78', '624.6', '626.7', '252.0', '241.1', '', '', '1149', '1050', '49.7', '68.2', '50870', '42494', '3408', '3272']
['Athlete 9', 'Squat Jump', '12/12/2019 15:31', '80.5', 'Trial 1', '', '', '', '', '0.4', '2.9', '2.5', '4.4', '-9.1', '0.4', '-4.7', '-7.9', '-11.3', '-1.4', '', '1.7', '1.5', '-0.4', '-1.9', '-5.4', '0.8', '', '1.5', '-9.7', '0.7', '6.3', '', '', '269.3', '270.4', '48.3', '49.8', '0.18', '0.18', '21.3', '22.3', '2590', '2354', '646', '649', '1969', '1877', '1595', '1469', '1634', '1450', '1512', '1491', '', '', '846', '860', '119.4', '121.2', '149.9', '149.2', '1.26', '1.23', '541.9', '512.6', '264.7', '266.8', '', '', '890', '904', '62.0', '56.0', '32221', '32438', '2159', '2303']
['Athlete 9', 'Squat Jump', '12/12/2019 15:31', '80.5', 'Trial 2', '', '', '', '', '0.4', '-2.3', '-2.7', '-1.5', '-14.3', '0.4', '-11.1', '-1.4', '-19.1', '6.7', '', '5.8', '-2.2', '2.8', '4.9', '-7.3', '0.7', '', '4.5', '-10.8', '-23.2', '-15.0', '', '', '257.5', '258.7', '55.2', '54.0', '0.21', '0.21', '24.0', '23.6', '3396', '2912', '663', '665', '2794', '2484', '1753', '1728', '3370', '2726', '1494', '1601', '', '', '810', '860', '122.6', '119.9', '134.9', '138.8', '1.10', '1.16', '571.8', '530.2', '253.5', '255.2', '', '', '850', '889', '52.8', '47.1', '30077', '23090', '1955', '1662']
['Athlete 10', 'Squat Jump', '12/12/2019 11:53', '87.5', 'Trial 1', '', '', '', '', '-2.8', '4.8', '7.5', '5.6', '1.4', '-2.8', '-1.6', '-9.7', '4.9', '-14.8', '', '-8.0', '1.2', '-6.4', '-7.5', '-10.5', '-2.4', '', '-6.2', '-22.4', '12.8', '-4.7', '', '', '284.9', '276.9', '59.0', '62.0', '0.21', '0.22', '24.4', '25.9', '4460', '4522', '741', '720', '3475', '3420', '2013', '1819', '3170', '3334', '1694', '1443', '', '', '917', '843', '134.0', '135.6', '150.9', '141.2', '1.13', '1.04', '712.5', '637.5', '280.3', '273.6', '', '', '936', '878', '66.4', '51.5', '19523', '22378', '1620', '1544']
['Athlete 10', 'Squat Jump', '12/12/2019 11:53', '87.5', 'Trial 2', '', '', '', '', '-1.7', '-0.6', '1.1', '-0.7', '3.9', '-1.7', '-2.1', '-9.0', '-9.8', '-9.8', '', '-3.0', '-1.9', '-1.5', '0.4', '3.7', '-2.7', '', '-4.9', '-21.0', '37.2', '27.2', '', '', '290.4', '285.4', '60.6', '60.2', '0.21', '0.21', '24.8', '24.6', '4858', '5054', '734', '721', '3735', '3655', '1914', '1741', '3146', '2838', '1516', '1367', '', '', '872', '846', '141.4', '138.7', '149.0', '146.8', '1.05', '1.06', '677.7', '703.5', '288.1', '280.4', '', '', '909', '864', '62.7', '49.5', '23098', '36778', '1848', '2538']
['Athlete 11', 'Squat Jump', '12/12/2019 11:52', '101', 'Trial 1', '', '', '', '', '0.4', '8.9', '8.6', '9.6', '-17.3', '0.4', '6.2', '-7.4', '43.9', '-4.6', '', '0.1', '4.6', '-2.9', '-7.4', '-5.0', '1.1', '', '-1.2', '-15.8', '-34.1', '-27.9', '', '', '309.3', '310.5', '60.8', '66.8', '0.20', '0.22', '26.2', '28.9', '5452', '4510', '882', '885', '2986', '3184', '3705', '3432', '1710', '3048', '3496', '3335', '', '', '1157', '1159', '131.6', '138.0', '177.7', '172.5', '1.35', '1.25', '757.7', '720.2', '303.5', '306.9', '', '', '1278', '1263', '43.5', '36.6', '84895', '55985', '3650', '2631']
['Athlete 11', 'Squat Jump', '12/12/2019 11:52', '101', 'Trial 2', '', '', '', '', '-3.6', '2.8', '6.3', '0.7', '-27.3', '-3.6', '-78.9', '60.6', '-11.5', '-8.1', '', '-5.7', '8.1', '-9.7', '-17.0', '-12.7', '-5.5', '', '-4.3', '11.3', '-27.9', '-20.4', '', '', '411.5', '396.6', '44.6', '45.8', '0.11', '0.12', '23.2', '23.4', '5228', '3802', '760', '732', '-755', '-422', '273', '694', '-718', '-644', '1740', '1599', '', '', '1138', '1073', '135.2', '147.1', '276.3', '249.5', '2.04', '1.70', '786.0', '686.3', '330.6', '312.5', '', '', '1224', '1171', '38.3', '43.1', '71133', '51308', '3414', '2719']
['Athlete 12', 'Squat Jump', '12/12/2019 10:33', '88.9', 'Trial 1', '', '', '', '', '11.1', '10.1', '-1.1', '8.0', '8.2', '11.1', '-53.9', '28.9', '-26.8', '2.2', '', '10.0', '13.9', '9.4', '-5.0', '11.8', '10.0', '', '4.6', '35.6', '40.3', '34.0', '', '', '318.0', '357.5', '38.3', '42.5', '0.12', '0.12', '19.7', '21.5', '5254', '5724', '643', '723', '-477', '-310', '1019', '1434', '-596', '-470', '1499', '1533', '', '', '893', '992', '115.4', '134.0', '202.6', '223.5', '1.76', '1.67', '755.0', '855.7', '262.0', '291.1', '', '', '991', '1039', '46.8', '72.7', '23915', '40043', '2009', '3043']
['Athlete 12', 'Squat Jump', '12/12/2019 10:33', '88.9', 'Trial 2', '', '', '', '', '9.2', '7.2', '-2.2', '5.5', '19.6', '9.3', '-25.0', '27.5', '-42.6', '5.9', '', '6.4', '10.1', '8.8', '-1.5', '14.7', '8.6', '', '5.5', '31.5', '32.4', '30.4', '', '', '334.1', '368.2', '38.6', '41.6', '0.12', '0.11', '20.2', '21.4', '6058', '7532', '643', '708', '-681', '-545', '663', '914', '-582', '-408', '1301', '1382', '', '', '922', '985', '119.3', '132.7', '214.9', '235.5', '1.80', '1.78', '757.4', '888.0', '266.7', '291.9', '', '', '975', '1031', '41.7', '60.8', '36045', '53319', '2487', '3572']
['Athlete 12', 'Squat Jump', '12/12/2019 10:33', '88.9', 'Trial 3', '', '', '', '', '4.7', '-0.3', '-5.0', '0.1', '17.4', '4.7', '38.2', '10.5', '0.0', '3.8', '', '3.2', '2.4', '5.8', '3.5', '-10.9', '5.6', '', '3.9', '-18.0', '-47.4', '-30.8', '', '', '362.1', '379.9', '41.1', '41.0', '0.11', '0.11', '21.0', '21.0', '6702', '8116', '639', '670', '-359', '-496', '-356', '-394', '0', '-508', '1227', '1276', '', '', '938', '970', '121.2', '124.1', '241.0', '255.8', '1.99', '2.06', '847.0', '754.8', '272.2', '288.4', '', '', '992', '1033', '49.8', '40.9', '74920', '39435', '4046', '2800']
['Athlete 13', 'Squat Jump', '12/12/2019 10:32', '96.8', 'Trial 1', '', '', '', '', '-3.6', '-2.0', '1.6', '-0.9', '11.8', '-3.6', '-2.6', '-1.1', '-33.3', '-12.5', '', '-6.1', '-0.4', '-6.3', '-5.9', '-11.0', '-2.5', '', '-5.2', '-25.4', '-13.9', '-13.9', '', '', '352.7', '340.2', '55.6', '54.5', '0.16', '0.16', '25.4', '25.2', '2218', '2516', '717', '692', '1691', '1647', '1366', '1351', '1374', '916', '1252', '1096', '', '', '915', '859', '161.7', '161.1', '191.0', '179.1', '1.18', '1.11', '674.1', '599.8', '344.5', '335.8', '', '', '956', '906', '59.3', '44.2', '94194', '81100', '4804', '4136']
['Athlete 13', 'Squat Jump', '12/12/2019 10:32', '96.8', 'Trial 2', '', '', '', '', '-5.8', '-14.1', '-8.8', '-16.5', '-4.4', '-5.9', '24.4', '25.8', '11.6', '10.9', '', '-3.4', '-6.8', '-5.1', '1.8', '-13.0', '-5.1', '', '-3.4', '-19.7', '5.9', '4.5', '', '', '363.5', '342.3', '58.0', '49.8', '0.16', '0.15', '27.5', '22.9', '2800', '2676', '733', '690', '1171', '1548', '1217', '1641', '930', '1052', '1220', '1369', '', '', '963', '930', '165.6', '154.5', '197.8', '187.8', '1.19', '1.22', '724.3', '629.8', '356.1', '337.9', '', '', '1006', '972', '66.9', '53.8', '44175', '46936', '2960', '3098']
['Athlete 13', 'Squat Jump', '12/12/2019 10:32', '96.8', 'Trial 3', '', '', '', '', '-3.7', '0.8', '4.5', '-0.5', '7.1', '-3.7', '100.0', '37.4', '54.4', '-4.1', '', '-3.6', '0.6', '-6.6', '-7.1', '-8.2', '-2.9', '', '-2.9', '-10.3', '-8.8', '-4.1', '', '', '409.8', '394.7', '48.7', '49.1', '0.12', '0.12', '24.5', '24.4', '2888', '3110', '676', '651', '-19', '285', '270', '431', '62', '136', '1058', '1015', '', '', '961', '926', '166.3', '167.3', '243.5', '227.4', '1.46', '1.36', '764.6', '702.2', '402.0', '390.4', '', '', '1016', '987', '58.9', '52.9', '68624', '62603', '4049', '3881']
['Athlete 14', 'Squat Jump', '12/12/2019 10:30', '76.8', 'Trial 1', '', '', '', '', '4.9', '7.6', '2.8', '8.6', '13.5', '4.9', '16.2', '-79.6', '58.7', '11.5', '', '-0.7', '7.2', '3.7', '-3.6', '13.6', '4.9', '', '5.3', '19.9', '-19.9', '-1.0', '', '', '327.2', '344.2', '31.6', '34.2', '0.10', '0.10', '16.9', '18.4', '6096', '7050', '562', '591', '-917', '-1066', '105', '21', '-484', '-768', '1538', '1738', '', '', '832', '826', '113.6', '122.3', '213.6', '221.9', '1.88', '1.81', '496.6', '574.4', '268.0', '281.6', '', '', '855', '904', '25.7', '32.1', '239147', '191671', '4066', '4025']
['Athlete 14', 'Squat Jump', '12/12/2019 10:30', '76.8', 'Trial 2', '', '', '', '', '0.3', '-0.8', '-1.2', '1.4', '14.6', '0.3', '40.8', '2.8', '5.4', '5.7', '', '0.3', '-0.1', '0.6', '0.7', '-1.0', '1.5', '', '3.7', '1.5', '4.0', '1.3', '', '', '301.5', '302.5', '33.0', '32.8', '0.11', '0.11', '17.1', '17.4', '4040', '4732', '601', '603', '-304', '-428', '1515', '1558', '-930', '-980', '1146', '1215', '', '', '814', '816', '116.6', '116.5', '184.9', '186.0', '1.59', '1.60', '512.9', '507.6', '255.3', '259.2', '', '', '839', '871', '34.3', '34.9', '108219', '112722', '4004', '4058']
['Athlete 14', 'Squat Jump', '12/12/2019 10:30', '76.8', 'Trial 3', '', '', '', '', '0.7', '-0.6', '-1.3', '-0.1', '28.2', '0.7', '36.6', '19.7', '-21.3', '-0.8', '', '-3.0', '3.1', '-0.7', '-3.8', '8.0', '1.3', '', '-1.1', '13.4', '17.9', '14.0', '', '', '295.1', '297.2', '34.3', '34.1', '0.12', '0.11', '17.6', '17.6', '2900', '4038', '603', '607', '-186', '-254', '1109', '1382', '-706', '-582', '1346', '1335', '', '', '879', '853', '108.0', '111.4', '187.1', '185.8', '1.73', '1.67', '494.4', '537.6', '249.0', '252.2', '', '', '918', '908', '36.2', '41.8', '71068', '86529', '3127', '3634']
['Athlete 15', 'Squat Jump', '12/11/2019 11:55', '71.9', 'Trial 1', '', '', '', '', '12.0', '16.1', '4.6', '14.6', '-20.1', '12.0', '44.5', '15.1', '50.0', '-1.8', '', '7.1', '17.0', '8.5', '-9.3', '18.6', '11.8', '', '4.2', '21.5', '15.6', '7.7', '', '', '213.2', '242.3', '37.4', '44.5', '0.18', '0.18', '17.8', '20.8', '3210', '2566', '526', '597', '595', '1072', '926', '1091', '620', '1240', '1547', '1519', '', '', '805', '866', '83.1', '100.2', '130.1', '142.2', '1.57', '1.42', '485.6', '596.4', '210.7', '238.9', '', '', '855', '892', '26.0', '33.2', '32069', '38017', '2245', '2433']
['Athlete 15', 'Squat Jump', '12/11/2019 11:55', '71.9', 'Trial 2', '', '', '', '', '11.4', '5.2', '-6.5', '7.4', '-9.7', '11.4', '77.0', '-29.4', '80.6', '-5.5', '', '-2.4', '11.3', '11.4', '0.2', '10.6', '12.2', '', '0.0', '-8.2', '38.5', '35.0', '', '', '373.0', '420.9', '32.2', '34.0', '0.09', '0.08', '16.1', '17.4', '2800', '2528', '432', '488', '-161', '-285', '-137', '-106', '-186', '-336', '544', '514', '', '', '738', '721', '130.7', '147.3', '242.3', '273.6', '1.85', '1.86', '557.9', '623.8', '247.3', '281.6', '', '', '761', '761', '41.1', '37.8', '15807', '25717', '1154', '1774']
['Athlete 16', 'Squat Jump', '12/11/2019 11:54', '84.2', 'Trial 1', '', '', '', '', '1.3', '3.4', '2.1', '3.0', '5.2', '1.3', '5.9', '-12.5', '8.0', '-1.8', '', '2.7', '1.2', '1.4', '0.1', '9.4', '0.6', '', '-0.2', '-25.4', '23.8', '-15.8', '', '', '272.8', '276.5', '48.2', '49.9', '0.18', '0.18', '22.0', '22.7', '3382', '3568', '669', '678', '1667', '1771', '1663', '1455', '1128', '1226', '1873', '1839', '', '', '928', '953', '117.4', '118.9', '155.5', '157.6', '1.32', '1.33', '621.4', '685.9', '269.7', '271.4', '', '', '1002', '1000', '62.3', '46.5', '15654', '20530', '1487', '1252']
['Athlete 16', 'Squat Jump', '12/11/2019 11:54', '84.2', 'Trial 2', '', '', '', '', '4.8', '4.5', '-0.3', '4.6', '-2.3', '4.8', '-11.8', '10.7', '36.9', '-0.5', '', '2.9', '6.6', '3.8', '-2.9', '-0.2', '4.3', '', '1.4', '27.3', '-25.8', '-14.9', '', '', '302.4', '317.5', '37.9', '39.7', '0.13', '0.12', '19.3', '20.3', '5488', '5364', '633', '665', '-304', '-272', '802', '899', '-298', '-408', '1710', '1702', '', '', '942', '970', '104.2', '111.6', '198.1', '205.9', '1.90', '1.85', '618.1', '617.1', '243.7', '254.6', '', '', '1037', '1051', '51.8', '71.3', '26097', '19366', '1957', '1666']
['Athlete 17', 'Squat Jump', '12/11/2019 11:38', '82.7', 'Trial 1', '', '', '', '', '1.6', '20.0', '18.7', '20.0', '-30.0', '1.6', '14.9', '-23.7', '73.0', '-16.9', '', '-3.8', '10.2', '-5.0', '-14.7', '-1.5', '2.0', '', '-4.7', '9.8', '-26.3', '-10.3', '', '', '269.1', '273.4', '43.4', '54.2', '0.16', '0.20', '19.5', '24.4', '3718', '2602', '694', '705', '1834', '2156', '2233', '1704', '496', '1834', '2237', '1859', '', '', '978', '940', '108.6', '120.9', '160.5', '152.5', '1.48', '1.26', '348.5', '343.3', '264.7', '270.2', '', '', '1040', '991', '34.5', '38.2', '276943', '204036', '6370', '5713']
['Athlete 17', 'Squat Jump', '12/11/2019 11:38', '82.7', 'Trial 2', '', '', '', '', '-0.7', '-7.8', '-7.2', '-4.2', '-26.1', '-0.7', '-25.5', '3.6', '-34.7', '-3.8', '', '3.3', '-5.7', '3.4', '8.9', '9.3', '-1.1', '', '-1.3', '-4.3', '9.3', '10.7', '', '', '262.3', '260.6', '58.2', '53.7', '0.22', '0.21', '24.3', '23.3', '4176', '3086', '737', '733', '3408', '2540', '2206', '2289', '3508', '2292', '2300', '2214', '', '', '912', '942', '119.4', '112.6', '142.9', '148.0', '1.20', '1.31', '521.8', '575.5', '259.8', '256.9', '', '', '1004', '991', '53.0', '50.7', '41369', '45589', '2565', '2872']
['Athlete 18', 'Squat Jump', '12/11/2019 09:52', '80.3', 'Trial 1', '', '', '', '', '6.3', '5.4', '-1.0', '4.3', '-7.2', '6.3', '43.6', '10.3', '30.3', '3.3', '', '5.4', '7.7', '5.2', '-2.6', '15.4', '5.8', '', '3.3', '29.0', '-20.4', '-0.1', '', '', '276.7', '295.4', '40.5', '42.8', '0.15', '0.14', '19.9', '20.8', '4138', '3840', '588', '628', '360', '638', '1834', '2044', '138', '198', '1864', '1927', '', '', '698', '738', '125.8', '136.2', '151.0', '159.2', '1.20', '1.17', '570.8', '674.7', '271.9', '288.6', '', '', '820', '848', '32.8', '46.2', '28747', '22878', '1466', '1464']
['Athlete 18', 'Squat Jump', '12/11/2019 09:52', '80.3', 'Trial 2', '', '', '', '', '7.8', '12.4', '5.0', '11.2', '-47.2', '7.8', '31.1', '39.0', '-27.2', '-14.0', '', '-3.9', '17.2', '0.7', '-16.6', '2.5', '8.2', '', '-3.0', '1.8', '-23.0', '-4.2', '', '', '268.7', '291.3', '40.6', '46.4', '0.15', '0.16', '19.5', '21.9', '3828', '2020', '606', '657', '768', '1115', '843', '1381', '508', '370', '1651', '1420', '', '', '929', '893', '103.0', '124.4', '165.7', '166.9', '1.61', '1.34', '628.1', '644.5', '264.5', '288.2', '', '', '974', '944', '33.8', '34.4', '39164', '30144', '2076', '1990']
['Athlete 19', 'Squat Jump', '12/11/2019 09:07', '85.1', 'Trial 1', '', '', '', '', '-6.4', '-6.1', '0.3', '-4.5', '11.1', '-6.4', '-83.8', '-32.0', '-41.0', '3.7', '', '-1.3', '-8.7', '-4.7', '4.2', '-2.5', '-5.2', '', '0.2', '-39.0', '-30.5', '-28.3', '', '', '351.4', '329.0', '45.0', '42.3', '0.13', '0.13', '22.2', '21.2', '2292', '2578', '630', '590', '266', '43', '697', '474', '210', '124', '1145', '1189', '', '', '943', '930', '144.9', '132.3', '206.4', '196.7', '1.42', '1.49', '673.8', '656.7', '345.0', '327.0', '', '', '966', '968', '61.3', '37.4', '44918', '31220', '2785', '1998']
['Athlete 19', 'Squat Jump', '12/11/2019 09:07', '85.1', 'Trial 2', '', '', '', '', '-4.1', '-6.0', '-1.9', '-8.4', '8.9', '-4.1', '13.6', '6.7', '30.1', '7.7', '', '-1.4', '-1.7', '-6.0', '-4.3', '-24.1', '-2.4', '', '0.5', '-46.5', '-62.1', '-53.5', '', '', '302.3', '289.9', '49.4', '46.4', '0.16', '0.16', '23.1', '21.1', '2504', '2750', '683', '655', '1332', '1542', '1376', '1474', '658', '942', '1521', '1648', '', '', '938', '924', '130.1', '127.9', '172.2', '162.0', '1.32', '1.27', '686.0', '520.8', '296.1', '289.0', '', '', '979', '984', '65.3', '35.0', '61194', '23169', '4039', '1877']
['Athlete 20', 'Squat Jump', '12/11/2019 08:48', '95', 'Trial 1', '', '', '', '', '5.6', '6.6', '1.0', '5.9', '26.4', '5.6', '19.2', '19.6', '28.9', '-0.4', '', '0.0', '9.0', '2.9', '-6.3', '6.3', '6.2', '', '2.0', '-4.0', '7.9', '6.9', '', '', '304.8', '322.8', '51.2', '54.8', '0.17', '0.17', '24.1', '25.7', '2652', '3604', '726', '769', '1201', '1486', '1753', '2181', '792', '1114', '1723', '1716', '', '', '998', '997', '129.3', '142.1', '175.5', '180.7', '1.36', '1.27', '632.2', '674.6', '298.8', '318.6', '', '', '1034', '1054', '82.7', '79.4', '17901', '19441', '1701', '1828']
['Athlete 20', 'Squat Jump', '12/11/2019 08:48', '95', 'Trial 2', '', '', '', '', '4.0', '4.0', '0.0', '-2.0', '25.1', '4.0', '36.8', '21.5', '20.5', '7.8', '', '-3.6', '10.0', '-1.0', '-10.9', '-0.4', '5.7', '', '3.4', '-24.2', '4.3', '-4.9', '', '', '279.0', '290.7', '57.3', '59.7', '0.21', '0.21', '26.0', '25.5', '3296', '4398', '776', '808', '2063', '3265', '2515', '3203', '1696', '2132', '2426', '2632', '', '', '1024', '987', '120.2', '133.6', '158.8', '157.1', '1.32', '1.18', '624.1', '621.5', '271.4', '287.7', '', '', '1099', '1138', '100.3', '76.0', '12023', '12562', '1334', '1269']
['Athlete 21', 'Squat Jump', '12/10/2019 16:56', '87.2', 'Trial 1', '', '', '', '', '5.9', '11.0', '5.5', '15.5', '-5.8', '5.9', '-8.1', '-14.6', '-3.8', '-9.0', '', '5.3', '7.3', '4.4', '-3.1', '20.9', '5.6', '', '4.6', '56.6', '-5.9', '24.5', '', '', '272.4', '289.3', '70.9', '79.6', '0.26', '0.28', '27.8', '32.9', '7694', '7248', '802', '852', '5272', '4845', '2636', '2252', '7470', '7186', '2277', '2072', '', '', '875', '924', '134.1', '144.7', '138.3', '144.6', '1.03', '1.00', '604.8', '764.9', '270.2', '286.3', '', '', '928', '973', '19.9', '45.9', '56081', '52768', '1514', '2005']
['Athlete 21', 'Squat Jump', '12/10/2019 16:56', '87.2', 'Trial 2', '', '', '', '', '9.4', '10.1', '0.8', '10.8', '1.5', '9.4', '100.0', '37.2', '-100.0', '-1.2', '', '8.5', '11.9', '8.0', '-4.3', '27.1', '7.3', '', '4.5', '35.1', '-28.2', '-25.2', '', '', '373.9', '412.7', '39.2', '43.7', '0.10', '0.11', '19.6', '21.9', '4770', '4844', '576', '636', '-43', '-130', '-43', '-59', '76', '-74', '901', '890', '', '', '837', '915', '131.3', '149.0', '242.7', '263.7', '1.85', '1.77', '640.7', '878.4', '271.8', '293.3', '', '', '902', '944', '38.6', '59.4', '30189', '21664', '2113', '1582']
['Athlete 22', 'Squat Jump', '12/10/2019 16:54', '81.8', 'Trial 1', '', '', '', '', '-8.9', '-9.2', '-0.3', '-6.2', '-17.5', '-8.9', '-26.1', '-12.3', '-26.8', '-6.8', '', '-3.4', '-11.2', '-7.0', '4.6', '20.9', '-8.3', '', '-5.5', '45.0', '27.8', '17.1', '', '', '265.5', '241.9', '56.0', '50.9', '0.21', '0.21', '23.7', '22.2', '3828', '3160', '755', '688', '3017', '2230', '2880', '2527', '2638', '1932', '2558', '2385', '', '', '947', '915', '118.5', '105.2', '146.9', '136.7', '1.24', '1.30', '513.1', '648.4', '260.7', '239.1', '', '', '1032', '975', '35.5', '64.7', '32861', '45487', '2300', '2775']
['Athlete 22', 'Squat Jump', '12/10/2019 16:54', '81.8', 'Trial 2', '', '', '', '', '-6.5', '-4.9', '1.7', '-5.8', '-30.0', '-6.5', '-8.2', '-21.9', '-18.2', '-5.2', '', '-2.1', '-6.4', '-6.6', '-0.2', '-2.0', '-6.3', '', '-4.1', '7.6', '9.5', '1.4', '', '', '299.9', '280.3', '47.3', '45.0', '0.16', '0.16', '22.2', '20.9', '4968', '3480', '696', '651', '911', '836', '1772', '1385', '1166', '954', '1819', '1725', '', '', '947', '927', '117.4', '109.9', '182.4', '170.4', '1.55', '1.55', '677.6', '663.9', '296.2', '277.7', '', '', '1018', '976', '50.5', '54.7', '46403', '51284', '2831', '2872']
['Athlete 23', 'Squat Jump', '12/10/2019 16:28', '91.7', 'Trial 1', '', '', '', '', '17.9', '26.8', '10.8', '24.3', '-45.7', '17.9', '67.7', '55.7', '70.0', '-14.9', '', '-3.8', '31.4', '7.8', '-25.6', '24.7', '18.4', '', '1.0', '13.1', '0.6', '0.6', '', '', '285.5', '347.8', '41.6', '56.7', '0.15', '0.16', '20.4', '26.9', '6506', '3530', '648', '789', '396', '1227', '684', '1545', '260', '868', '2231', '1899', '', '', '1099', '1056', '102.4', '149.3', '183.1', '198.5', '1.79', '1.33', '510.8', '678.6', '280.0', '343.2', '', '', '1160', '1172', '29.5', '34.0', '96766', '97371', '3967', '3992']
['Athlete 23', 'Squat Jump', '12/10/2019 16:28', '91.7', 'Trial 2', '', '', '', '', '14.7', '24.3', '11.3', '20.1', '-8.1', '14.7', '47.9', '19.5', '57.3', '-7.2', '', '-0.4', '24.9', '6.0', '-20.1', '33.7', '15.1', '', '3.4', '35.6', '-13.2', '-10.1', '', '', '269.3', '315.6', '47.5', '62.7', '0.18', '0.20', '21.8', '27.3', '4138', '3804', '698', '818', '1543', '2961', '1921', '2385', '930', '2180', '2317', '2149', '', '', '1030', '1026', '108.5', '144.5', '160.8', '171.1', '1.48', '1.18', '566.7', '854.9', '264.2', '311.0', '', '', '1078', '1116', '32.4', '50.4', '58105', '50444', '3312', '2976']
['Athlete 24', 'Squat Jump', '12/10/2019 11:58', '89.7', 'Trial 1', '', '', '', '', '-17.5', '-15.5', '2.4', '-15.1', '34.9', '-17.5', '-100.0', '-94.3', '-100.0', '11.0', '', '8.8', '-29.3', '-8.9', '22.4', '-1.4', '-18.9', '', '-0.4', '21.6', '37.4', '26.6', '', '', '370.9', '305.9', '49.1', '41.5', '0.13', '0.14', '24.6', '20.8', '3692', '5674', '692', '571', '161', '-43', '1143', '66', '124', '-36', '1301', '1462', '', '', '864', '947', '157.4', '111.3', '213.5', '194.6', '1.36', '1.75', '573.3', '565.0', '366.9', '297.7', '', '', '1022', '1018', '52.7', '67.3', '29393', '46924', '2410', '3285']
['Athlete 24', 'Squat Jump', '12/10/2019 11:58', '89.7', 'Trial 2', '', '', '', '', '-6.2', '-28.5', '-23.8', '-37.4', '31.4', '-6.2', '40.0', '32.1', '26.8', '32.2', '', '6.2', '-17.5', '4.1', '20.9', '-3.2', '-7.0', '', '1.3', '1.7', '-5.2', '-15.5', '', '', '265.8', '249.4', '66.9', '47.8', '0.25', '0.19', '31.0', '19.4', '3606', '5254', '792', '743', '2113', '3524', '2562', '3772', '1922', '2626', '2455', '3620', '', '', '923', '983', '127.0', '104.8', '138.7', '144.7', '1.09', '1.38', '525.6', '508.9', '261.8', '243.4', '', '', '1081', '1095', '70.4', '71.6', '27583', '26155', '2289', '1936']
['Athlete 24', 'Squat Jump', '12/10/2019 11:58', '89.7', 'Trial 3', '', '', '', '', '-15.5', '-22.5', '-8.3', '-19.8', '17.0', '-15.5', '-100.0', '100.0', '-79.7', '9.2', '', '0.9', '-28.1', '-7.7', '22.1', '-0.6', '-9.7', '', '-2.5', '16.0', '-1.4', '-1.4', '', '', '379.3', '320.5', '52.9', '41.0', '0.14', '0.13', '25.7', '20.6', '5574', '6716', '688', '581', '682', '-38', '-170', '-347', '670', '136', '1530', '1685', '', '', '971', '980', '145.4', '104.6', '233.9', '215.9', '1.61', '2.06', '489.3', '486.3', '255.7', '231.0', '', '', '1132', '1104', '55.0', '65.5', '53949', '53221', '3399', '3353']
['Athlete 25', 'Squat Jump', '12/10/2019 11:11', '86.2', 'Trial 1', '', '', '', '', '-2.2', '-9.7', '-7.6', '-7.3', '-18.5', '-2.2', '-55.5', '-10.9', '-66.6', '-2.0', '', '-4.1', '-8.9', '2.7', '11.3', '8.6', '-2.7', '', '-2.3', '30.4', '-5.3', '5.9', '', '', '327.4', '320.3', '49.4', '44.7', '0.15', '0.14', '23.4', '21.7', '4348', '3544', '650', '636', '1016', '452', '908', '809', '1264', '422', '1308', '1282', '', '', '906', '869', '140.2', '127.8', '187.3', '192.5', '1.34', '1.51', '593.2', '648.8', '324.3', '315.6', '', '', '964', '941', '34.5', '49.6', '55920', '52935', '2740', '2911']
['Athlete 25', 'Squat Jump', '12/10/2019 11:11', '86.2', 'Trial 2', '', '', '', '', '-1.2', '-2.0', '-0.8', '-0.5', '-38.4', '-1.2', '-91.7', '-63.3', '52.6', '-6.7', '', '-5.2', '-6.7', '2.4', '9.0', '8.6', '-1.5', '', '-4.3', '13.7', '26.3', '26.3', '', '', '378.6', '374.0', '44.2', '43.3', '0.12', '0.12', '21.8', '21.7', '4040', '2490', '608', '601', '229', '19', '304', '112', '36', '76', '1032', '963', '', '', '918', '870', '151.1', '140.9', '227.5', '233.1', '1.51', '1.65', '616.5', '674.3', '375.3', '369.8', '', '', '981', '939', '47.2', '54.7', '41812', '56715', '2467', '3346']
['Athlete 25', 'Squat Jump', '12/10/2019 11:11', '86.2', 'Trial 3', '', '', '', '', '-2.1', '-11.2', '-9.3', '-10.8', '3.4', '-2.1', '-17.4', '-11.9', '-4.5', '7.8', '', '-3.1', '-5.9', '0.1', '5.9', '-3.8', '0.4', '', '-1.3', '23.1', '-39.8', '-26.3', '', '', '428.5', '419.7', '49.9', '44.3', '0.12', '0.11', '24.0', '21.4', '5550', '5748', '580', '568', '644', '532', '-812', '-725', '842', '804', '692', '751', '', '', '879', '852', '152.8', '143.9', '275.7', '275.8', '1.80', '1.92', '635.6', '611.2', '299.1', '300.3', '', '', '911', '899', '37.6', '48.9', '54465', '32778', '2669', '1967']
['Athlete 26', 'Squat Jump', '12/10/2019 09:41', '90.2', 'Trial 1', '', '', '', '', '4.1', '10.3', '6.5', '12.0', '-8.2', '4.1', '-2.1', '7.8', '-0.7', '-12.3', '', '-1.1', '9.1', '-0.7', '-9.8', '-0.8', '4.5', '', '-0.2', '-0.3', '9.8', '13.2', '', '', '323.2', '336.9', '50.6', '56.4', '0.16', '0.17', '22.9', '26.0', '2442', '2242', '651', '678', '1785', '1747', '1233', '1338', '1648', '1636', '1163', '1020', '', '', '855', '845', '148.7', '163.6', '174.5', '173.3', '1.17', '1.06', '586.8', '582.1', '317.8', '332.7', '', '', '889', '887', '41.9', '41.8', '98431', '109136', '5020', '5784']
['Athlete 26', 'Squat Jump', '12/10/2019 09:41', '90.2', 'Trial 2', '', '', '', '', '3.8', '4.1', '0.4', '4.1', '20.1', '3.8', '0.6', '-3.5', '-26.5', '-4.5', '', '-3.2', '3.9', '3.6', '-0.3', '10.5', '3.4', '', '1.7', '-15.4', '42.6', '25.7', '', '', '331.5', '344.5', '48.9', '51.0', '0.15', '0.15', '23.0', '24.0', '2256', '2824', '639', '664', '1263', '1270', '1242', '1199', '892', '656', '1050', '1003', '', '', '872', '844', '153.0', '159.3', '178.5', '185.2', '1.17', '1.16', '544.9', '608.7', '327.7', '339.2', '', '', '894', '910', '41.2', '34.9', '54988', '95868', '3134', '4218']
['Athlete 26', 'Squat Jump', '12/10/2019 09:41', '90.2', 'Trial 3', '', '', '', '', '6.5', '8.2', '1.8', '7.2', '21.9', '6.5', '14.6', '20.2', '9.9', '-4.7', '', '4.2', '8.6', '4.6', '-4.2', '11.8', '5.4', '', '1.3', '-30.7', '71.5', '58.5', '', '', '336.7', '360.1', '48.3', '52.6', '0.14', '0.15', '22.8', '24.6', '2206', '2826', '626', '670', '1084', '1270', '1050', '1317', '1004', '1114', '1022', '974', '', '', '851', '888', '153.3', '167.9', '183.4', '192.3', '1.20', '1.15', '560.5', '635.7', '334.2', '353.4', '', '', '897', '910', '54.8', '38.0', '33827', '118687', '2266', '5460']
['Athlete 27', 'Squat Jump', '12/9/2019 12:04', '94.3', 'Trial 1', '', '', '', '', '10.2', '3.8', '-6.6', '5.2', '-17.2', '10.2', '-36.8', '22.2', '-35.2', '6.9', '', '4.1', '7.2', '12.1', '5.3', '19.4', '10.2', '', '6.2', '-88.2', '86.7', '12.3', '', '', '348.2', '387.6', '48.9', '50.8', '0.14', '0.13', '23.6', '24.9', '4460', '3692', '660', '735', '706', '446', '650', '836', '630', '408', '1449', '1555', '', '', '1012', '1055', '142.3', '153.3', '205.9', '234.3', '1.45', '1.53', '725.5', '900.0', '344.0', '383.0', '', '', '1078', '1149', '52.8', '6.2', '23055', '173540', '1522', '1735']
['Athlete 27', 'Squat Jump', '12/9/2019 12:04', '94.3', 'Trial 2', '', '', '', '', '8.9', '6.3', '-2.8', '6.2', '6.3', '8.9', '-8.7', '9.1', '-35.7', '9.4', '', '4.9', '7.9', '9.6', '1.9', '8.9', '9.2', '', '8.8', '87.0', '-75.2', '24.3', '', '', '341.7', '375.1', '49.4', '52.7', '0.14', '0.14', '23.3', '24.9', '3320', '3544', '672', '737', '1140', '1041', '777', '855', '656', '422', '1321', '1457', '', '', '973', '1024', '142.3', '154.4', '199.4', '220.6', '1.40', '1.43', '744.5', '817.0', '336.8', '371.1', '', '', '1008', '1105', '6.8', '52.4', '124683', '30900', '1496', '1978']
['Athlete 27', 'Squat Jump', '12/9/2019 12:04', '94.3', 'Trial 3', '', '', '', '', '11.1', '11.1', '0.0', '10.4', '-17.8', '11.1', '30.2', '49.8', '11.4', '-9.4', '', '-5.1', '17.3', '6.5', '-11.6', '-1.9', '11.4', '', '0.8', '-10.0', '-33.8', '-16.2', '', '', '320.7', '360.9', '48.5', '54.6', '0.15', '0.15', '23.3', '26.0', '3134', '2576', '674', '759', '731', '1047', '809', '1611', '868', '980', '1498', '1357', '', '', '1001', '950', '129.7', '156.7', '191.0', '204.2', '1.47', '1.30', '785.7', '771.1', '315.9', '356.6', '', '', '1030', '1038', '63.5', '57.2', '34735', '22982', '2084', '1747']
['Athlete 28', 'Squat Jump', '12/9/2019 10:58', '85.8', 'Trial 1', '', '', '', '', '0.2', '7.5', '7.3', '5.5', '3.7', '0.2', '29.0', '7.8', '22.0', '-10.4', '', '-7.2', '7.6', '-5.1', '-12.3', '13.4', '0.7', '', '-4.9', '-21.5', '19.9', '6.0', '', '', '292.3', '292.9', '48.0', '51.9', '0.16', '0.18', '22.2', '23.5', '5822', '6046', '682', '683', '1332', '1877', '842', '913', '1140', '1462', '2016', '1806', '', '', '1021', '948', '116.9', '126.6', '175.3', '166.3', '1.50', '1.31', '583.0', '672.8', '288.4', '290.4', '', '', '1090', '1037', '33.4', '26.2', '85365', '106517', '2902', '3089']
['Athlete 28', 'Squat Jump', '12/9/2019 10:58', '85.8', 'Trial 2', '', '', '', '', '-0.6', '9.8', '10.3', '6.7', '15.9', '-0.6', '43.4', '1.7', '69.9', '-7.6', '', '-6.5', '9.1', '-7.6', '-16.0', '-7.7', '0.6', '', '-3.1', '-16.0', '20.0', '15.6', '', '', '300.3', '298.6', '44.6', '49.5', '0.15', '0.17', '21.3', '22.8', '4064', '4832', '674', '670', '824', '1456', '1264', '1286', '298', '990', '1710', '1579', '', '', '961', '899', '120.8', '132.8', '179.5', '165.8', '1.49', '1.25', '646.7', '596.5', '295.2', '296.8', '', '', '1024', '993', '36.0', '30.3', '93250', '116608', '3544', '4198']
['Athlete 28', 'Squat Jump', '12/9/2019 10:58', '85.8', 'Trial 3', '', '', '', '', '-3.9', '0.8', '4.7', '-1.2', '7.5', '-3.9', '14.6', '-3.1', '16.3', '-4.5', '', '-5.9', '0.7', '-7.3', '-7.9', '-3.9', '-2.9', '', '-3.4', '6.5', '-18.0', '-9.3', '', '', '294.7', '283.3', '51.0', '51.5', '0.17', '0.18', '23.3', '23.0', '4894', '5292', '694', '667', '1815', '2125', '985', '954', '1400', '1672', '1823', '1740', '', '', '971', '914', '124.4', '125.3', '170.3', '157.9', '1.37', '1.26', '358.7', '344.6', '289.4', '281.1', '', '', '1036', '1000', '27.7', '29.6', '153346', '125684', '4294', '3896']
['Athlete 29', 'Squat Jump', '12/9/2019 10:20', '91.5', 'Trial 1', '', '', '', '', '0.4', '5.1', '4.7', '5.3', '-2.5', '0.4', '-0.7', '-10.1', '30.3', '-8.4', '', '-1.9', '2.3', '-1.3', '-3.6', '5.2', '-0.5', '', '-2.8', '29.5', '1.8', '3.2', '', '', '302.3', '303.5', '52.4', '55.2', '0.17', '0.18', '23.3', '24.6', '4832', '4710', '770', '773', '2614', '2596', '2524', '2270', '830', '1190', '1981', '1816', '', '', '978', '959', '135.2', '138.4', '167.2', '165.0', '1.24', '1.19', '671.7', '708.7', '299.5', '298.0', '', '', '1050', '1021', '50.3', '71.3', '35446', '36094', '2446', '2527']
['Athlete 29', 'Squat Jump', '12/9/2019 10:20', '91.5', 'Trial 2', '', '', '', '', '-0.4', '2.4', '2.8', '1.3', '-0.9', '-0.4', '17.5', '-8.5', '54.6', '-4.4', '', '-3.2', '0.0', '-0.8', '-0.8', '11.4', '-1.6', '', '-2.4', '41.9', '42.0', '27.6', '', '', '323.1', '321.7', '47.9', '49.1', '0.15', '0.15', '23.2', '23.5', '5216', '5168', '730', '727', '905', '1097', '2304', '2109', '186', '410', '1653', '1580', '', '', '932', '903', '145.0', '145.0', '178.1', '176.7', '1.23', '1.22', '655.2', '739.5', '319.7', '314.7', '', '', '976', '953', '46.8', '80.7', '25436', '43887', '2162', '2984']
['Athlete 29', 'Squat Jump', '12/9/2019 10:20', '91.5', 'Trial 3', '', '', '', '', '-0.1', '1.7', '1.8', '3.9', '9.4', '-0.1', '-2.5', '-7.6', '-18.1', '-5.4', '', '-3.1', '1.2', '-1.3', '-2.5', '4.8', '-0.4', '', '-0.5', '1.0', '-8.5', '-9.8', '', '', '300.0', '299.7', '57.8', '58.8', '0.19', '0.20', '24.4', '25.4', '4186', '4622', '772', '771', '3215', '3135', '2416', '2234', '2330', '1908', '1951', '1847', '', '', '926', '897', '141.5', '143.2', '158.5', '156.5', '1.12', '1.09', '648.7', '681.4', '295.9', '294.7', '', '', '970', '965', '56.9', '57.5', '34521', '31580', '2486', '2242']
['Athlete 30', 'Squat Jump', '12/9/2019 09:21', '85.3', 'Trial 1', '', '', '', '', '0.3', '-3.5', '-3.8', '-6.4', '15.6', '0.2', '18.5', '16.7', '2.5', '2.0', '', '-4.4', '1.8', '-0.9', '-2.7', '-0.8', '0.7', '', '-0.5', '1.1', '-19.3', '-10.3', '', '', '268.2', '268.8', '54.4', '52.4', '0.20', '0.20', '23.9', '22.4', '2948', '3494', '699', '701', '2131', '2614', '1685', '2022', '1970', '2020', '1643', '1676', '', '', '937', '896', '117.8', '119.9', '150.4', '149.0', '1.28', '1.24', '333.4', '330.6', '264.9', '266.7', '', '', '952', '947', '29.1', '29.4', '270133', '217975', '4862', '4360']
['Athlete 30', 'Squat Jump', '12/9/2019 09:21', '85.3', 'Trial 2', '', '', '', '', '-3.5', '-2.3', '1.3', '-3.4', '5.2', '-3.5', '1.7', '0.2', '-0.9', '-8.1', '', '-6.9', '-1.5', '-5.2', '-3.7', '-7.4', '-3.2', '', '-4.7', '-21.0', '-27.8', '-23.2', '', '', '263.1', '253.8', '57.0', '55.7', '0.22', '0.22', '24.5', '23.7', '3420', '3606', '722', '696', '2849', '2899', '1787', '1790', '2650', '2626', '1764', '1621', '', '', '929', '865', '119.1', '117.3', '144.0', '136.5', '1.21', '1.16', '510.9', '473.0', '260.1', '251.9', '', '', '955', '910', '43.8', '34.6', '87653', '63242', '4120', '3162']
['Athlete 30', 'Squat Jump', '12/9/2019 09:21', '85.3', 'Trial 3', '', '', '', '', '2.4', '3.4', '1.0', '1.6', '14.6', '2.4', '12.8', '3.3', '10.0', '4.2', '', '-0.1', '3.9', '1.2', '-2.7', '-2.6', '2.4', '', '2.5', '-27.9', '-0.5', '-2.9', '', '', '262.5', '269.0', '53.9', '55.8', '0.21', '0.21', '23.5', '23.9', '2962', '3470', '691', '709', '2397', '2750', '1713', '1772', '2206', '2452', '1649', '1722', '', '', '899', '898', '117.5', '122.3', '145.0', '146.8', '1.23', '1.20', '349.0', '339.9', '259.8', '266.2', '', '', '932', '956', '42.4', '30.6', '116693', '116112', '4784', '4644']
['Athlete 31', 'Squat Jump', '12/9/2019 08:39', '82.9', 'Trial 1', '', '', '', '', '5.0', '-0.4', '-5.4', '0.5', '40.4', '5.0', '-97.1', '32.8', '100.0', '-4.6', '', '-4.1', '15.6', '-1.6', '-16.9', '2.9', '6.9', '', '-1.3', '11.2', '6.6', '6.6', '', '', '283.7', '298.6', '36.6', '36.5', '0.13', '0.12', '18.7', '18.8', '4250', '7136', '676', '711', '-136', '-69', '1744', '2595', '-582', '-1190', '2025', '1932', '', '', '1009', '968', '97.2', '115.2', '186.4', '183.4', '1.92', '1.59', '508.4', '523.4', '240.9', '258.7', '', '', '1068', '1054', '43.1', '48.5', '70989', '75972', '3266', '3495']
['Athlete 31', 'Squat Jump', '12/9/2019 08:39', '82.9', 'Trial 2', '', '', '', '', '5.3', '17.1', '12.5', '14.2', '1.2', '5.3', '22.3', '-7.2', '42.9', '-8.5', '', '-0.7', '11.2', '0.6', '-10.7', '14.2', '5.3', '', '-0.8', '11.2', '-13.2', '-13.2', '', '', '253.1', '267.2', '49.1', '59.2', '0.19', '0.22', '21.4', '25.0', '4102', '4150', '739', '780', '2410', '3103', '2890', '2683', '1748', '3060', '2581', '2360', '', '', '975', '968', '104.1', '117.3', '149.0', '149.9', '1.43', '1.28', '494.9', '576.6', '250.8', '264.8', '', '', '1046', '1038', '41.1', '46.3', '108351', '94056', '4226', '3668']
['Athlete 31', 'Squat Jump', '12/9/2019 08:39', '82.9', 'Trial 3', '', '', '', '', '6.2', '5.6', '-0.6', '5.2', '26.1', '6.2', '41.8', '16.4', '43.4', '-4.9', '', '-0.9', '12.7', '2.0', '-10.9', '10.8', '6.6', '', '0.0', '15.9', '-18.5', '-12.6', '', '', '280.3', '298.7', '37.3', '39.5', '0.13', '0.13', '18.5', '19.5', '4064', '5502', '676', '720', '372', '639', '2035', '2435', '-544', '-780', '1967', '1871', '', '', '941', '932', '102.8', '117.7', '177.5', '181.0', '1.73', '1.54', '528.2', '592.3', '245.6', '263.0', '', '', '1001', '1001', '36.7', '43.7', '74178', '60420', '3041', '2658']
['Athlete 32', 'Squat Jump', '12/9/2019 08:26', '94.4', 'Trial 1', '', '', '', '', '0.0', '2.1', '2.2', '1.9', '4.0', '-0.1', '1.8', '8.3', '10.5', '-0.1', '', '0.0', '2.2', '-2.2', '-4.4', '7.0', '0.9', '', '0.1', '-6.3', '31.6', '27.3', '', '', '312.2', '312.0', '64.5', '65.9', '0.21', '0.21', '26.9', '27.4', '4758', '4956', '758', '758', '3438', '3500', '1654', '1803', '3506', '3916', '1556', '1555', '', '', '927', '927', '149.6', '153.0', '162.6', '159.0', '1.09', '1.04', '572.7', '615.9', '305.6', '308.4', '', '', '964', '965', '60.6', '56.7', '29101', '42531', '1979', '2722']
['Athlete 32', 'Squat Jump', '12/9/2019 08:26', '94.4', 'Trial 2', '', '', '', '', '0.6', '3.8', '3.2', '3.5', '-5.3', '0.6', '0.0', '-2.0', '24.1', '-2.6', '', '0.6', '2.4', '-1.0', '-3.4', '-1.3', '0.8', '', '0.2', '15.2', '24.0', '33.2', '', '', '321.7', '323.8', '55.6', '57.9', '0.17', '0.18', '23.9', '24.8', '4870', '4610', '749', '753', '2899', '2899', '1870', '1833', '940', '1238', '1471', '1433', '', '', '897', '903', '149.1', '152.8', '172.7', '171.0', '1.16', '1.12', '612.6', '604.6', '316.8', '319.4', '', '', '944', '946', '56.0', '66.1', '26365', '34674', '1714', '2566']
['Athlete 13', 'Squat Jump', '10/4/2019 17:51', '96.6', 'Trial 1', '', '', '', '', '-3.7', '9.3', '12.6', '9.4', '-31.9', '-3.7', '10.5', '-100.0', '38.5', '-22.2', '', '-3.0', '1.4', '-5.3', '-6.6', '-7.9', '-6.4', '', '-11.3', '-13.3', '-10.7', '-7.7', '', '', '614.3', '591.7', '50.3', '55.4', '0.08', '0.09', '23.8', '26.3', '15248', '10380', '618', '596', '954', '1066', '77', '-142', '632', '1028', '1248', '971', '', '', '990', '960', '147.2', '149.2', '467.2', '442.5', '3.17', '2.97', '828.5', '763.1', '453.8', '424.8', '', '', '1309', '1161', '69.3', '60.1', '55714', '49743', '3287', '3034']
['Athlete 13', 'Squat Jump', '10/4/2019 17:51', '96.6', 'Trial 2', '', '', '', '', '-12.9', '0.3', '13.1', '1.7', '-37.3', '-12.8', '-42.2', '-51.1', '-68.2', '-44.2', '', '-20.1', '-3.9', '-24.4', '-21.4', '-9.4', '-9.1', '', '-15.1', '3.9', '-14.8', '-10.8', '', '', '173.5', '151.2', '49.9', '50.0', '0.29', '0.33', '24.3', '24.7', '3554', '2230', '496', '433', '631', '365', '1449', '709', '308', '98', '1626', '907', '', '', '711', '568', '97.6', '93.9', '75.9', '57.3', '0.78', '0.61', '625.4', '566.8', '149.3', '135.7', '', '', '780', '662', '152.6', '158.9', '5815', '4953', '1338', '1194']
['Athlete 1', 'Squat Jump', '2/11/2019 16:17', '87.6', 'Trial 1', '', '', '', '', '-16.1', '-10.6', '6.1', '-13.7', '-27.8', '-16.1', '12.3', '2.0', '19.0', '-9.8', '', '-20.1', '-6.4', '-22.8', '-17.5', '-22.4', '-14.0', '', '-12.4', '-35.8', '-66.6', '-56.1', '', '', '298.0', '250.1', '55.5', '49.6', '0.19', '0.20', '25.1', '21.7', '4408', '3182', '762', '639', '1938', '2210', '1777', '1814', '1264', '1560', '2245', '2024', '', '', '1085', '867', '121.6', '113.8', '176.5', '136.3', '1.45', '1.20', '759.4', '589.3', '290.0', '249.3', '', '', '1119', '980', '64.2', '41.2', '45780', '15301', '2930', '1285']
['Athlete 1', 'Squat Jump', '2/11/2019 16:17', '87.6', 'Trial 2', '', '', '', '', '-15.1', '-5.2', '10.4', '-4.1', '-8.7', '-15.1', '-13.1', '-26.4', '-5.9', '-18.2', '', '-16.6', '-8.0', '-20.6', '-13.7', '-18.6', '-13.6', '', '-12.3', '-19.3', '-24.0', '-17.8', '', '', '294.2', '249.7', '59.1', '56.0', '0.20', '0.22', '25.7', '24.6', '3540', '3232', '784', '665', '2773', '2409', '2281', '1678', '3170', '2984', '2220', '1816', '', '', '1034', '862', '127.4', '117.2', '166.8', '132.5', '1.31', '1.13', '799.3', '650.4', '287.0', '248.0', '', '', '1072', '939', '67.8', '54.7', '24493', '18619', '1812', '1490']
['Athlete 1', 'Squat Jump', '2/11/2019 16:17', '87.6', 'Trial 3', '', '', '', '', '-17.0', '-11.3', '6.4', '-10.7', '4.6', '-17.0', '-22.5', '-16.4', '8.7', '-11.4', '', '-16.3', '-11.8', '-21.0', '-10.4', '-8.5', '-15.0', '', '-12.0', '-28.4', '-35.9', '-34.2', '', '', '299.0', '248.2', '57.7', '51.2', '0.19', '0.21', '25.6', '22.8', '2872', '3010', '768', '638', '2414', '1870', '1925', '1610', '2104', '2304', '2040', '1807', '', '', '1046', '875', '130.6', '115.1', '168.4', '133.1', '1.29', '1.16', '704.3', '644.2', '290.7', '247.0', '', '', '1067', '939', '60.2', '43.1', '40278', '25822', '2981', '1962']
['Athlete 1', 'Squat Jump', '2/11/2019 16:17', '87.6', 'Trial 4', '', '', '', '', '-14.4', '-4.9', '9.9', '-8.8', '9.0', '-14.4', '19.3', '-16.0', '24.5', '-7.6', '', '-16.2', '-7.2', '-20.0', '-13.8', '-22.8', '-12.5', '', '-10.2', '-12.9', '-51.0', '-45.9', '', '', '306.6', '262.6', '55.6', '52.8', '0.18', '0.20', '25.0', '22.8', '2886', '3170', '753', '645', '2018', '2501', '2034', '1709', '1832', '2426', '1772', '1637', '', '', '988', '828', '135.5', '125.7', '171.1', '136.8', '1.26', '1.09', '804.4', '621.3', '298.6', '261.4', '', '', '1007', '904', '58.0', '50.5', '30038', '14729', '2343', '1267']
